1,Bonnie
2,Wilfredo
3,Dan
4,Payton
5,Idella
6,Sabina
7,Edward
8,Johnnie
9,Randi
10,Bryon
11,Marcella
12,Narciso
13,Keaton
14,Verda
15,Dee
16,Joaquin
17,Shemar
18,Jayson
19,Titus
20,Dejah
21,Baron
22,Gillian
23,Maye
24,Margot
25,Vita
26,Lucio
27,Seth
28,Kathryn
29,Jedediah
30,Janet
31,Antone
32,Lane
33,Erica
34,Scarlett
35,Casper
36,Maximillian
37,Rossie
38,Jared
39,Santiago
40,Napoleon
41,Jamey
42,Jacques
43,Edwardo
44,Asa
45,Era
46,Madisyn
47,Ole
48,Mateo
49,Eliezer
50,Talon
51,Carlo
52,Korbin
53,Arlie
54,Haleigh
55,Jamel
56,Torey
57,Hettie
58,Malika
59,Tressie
60,Tyrel
61,Isabella
62,Clay
63,Jerad
64,Maxwell
65,Geovany
66,Lambert
67,Bella
68,Amina
69,Ellis
70,Ross
71,Virginie
72,Bessie
73,Gregg
74,Nayeli
75,Dalton
76,Martin
77,Meagan
78,Modesto
79,Abdiel
80,Virginia
81,Mohammad
82,Dolly
83,Friedrich
84,Kelvin
85,Josefa
86,Bria
87,Kennith
88,Summer
89,Brennon
90,Noe
91,Ova
92,Ansley
93,Kenyatta
94,Rubie
95,Avery
96,Elvera
97,Britney
98,Theresia
99,Jordi
100,Shanny
101,Eldon
102,Mario
103,Sylvester
104,Darrick
105,Nikko
106,Mac
107,Paul
108,Lorena
109,Ewell
110,Hiram
111,Hilma
112,Zachery
113,Vern
114,Barry
115,Simone
116,Maurice
117,Lenna
118,Davon
119,Lempi
120,Ocie
121,Sonya
122,Elbert
123,Justina
124,Isaac
125,Carter
126,Clair
127,Braxton
128,Holly
129,Gino
130,Cale
131,Kali
132,Graciela
133,Jeff
134,Anais
135,Hassie
136,Robert
137,Sherwood
138,Zackery
139,Germaine
140,Myrl
141,Katelynn
142,Gust
143,Stephany
144,Retha
145,Makenna
146,Kory
147,Terrance
148,Jacynthe
149,Ressie
150,Felton
151,Jalyn
152,Madaline
153,Enoch
154,Prince
155,Damian
156,Christy
157,Ransom
158,Dimitri
159,Clemens
160,Vance
161,Mckayla
162,Jadyn
163,Marcelle
164,Sister
165,Troy
166,Ardith
167,Trystan
168,Rahsaan
169,Vergie
170,Taya
171,Reece
172,Malachi
173,Salvador
174,Hulda
175,Aliyah
176,Sadye
177,Carlotta
178,Easton
179,Marty
180,Dusty
181,Bettie
182,Pink
183,Domenico
184,Cheyenne
185,Vida
186,Margarett
187,Martina
188,Candido
189,Alize
190,Helga
191,Cedrick
192,Aiden
193,Vivienne
194,Jamaal
195,Misael
196,Burnice
197,Devon
198,Wilbert
199,Maymie
200,Rolando
201,Lexi
202,Chyna
203,Gordon
204,Gaston
205,Margaretta
206,Adan
207,Marcelina
208,Audreanne
209,Claire
210,Delores
211,Marian
212,Sam
213,Elna
214,Jakayla
215,Elliott
216,Jace
217,Cielo
218,Jeanie
219,Ignacio
220,Cyrus
221,Porter
222,Otis
223,Chanel
224,Matilde
225,Bradford
226,Eladio
227,Modesta
228,Alex
229,Lincoln
230,Camila
231,Wendell
232,Amir
233,Gwen
234,Mariam
235,Libby
236,Francis
237,Javier
238,Felipe
239,Lisette
240,Sarina
241,Harmony
242,Desmond
243,Celestine
244,Minerva
245,Alverta
246,Eryn
247,Neoma
248,Leonel
249,Baylee
250,Golda
251,Evan
252,Monserrate
253,Conner
254,Zander
255,Gerry
256,Malvina
257,Harley
258,Genoveva
259,Arely
260,Winona
261,Laron
262,Euna
263,Ashton
264,Valerie
265,Muriel
266,Arielle
267,Harmon
268,Lacey
269,Lucious
270,Kellie
271,Andy
272,Vena
273,Brian
274,Christiana
275,Michele
276,Mona
277,Kenny
278,Osborne
279,Norwood
280,Jevon
281,Hudson
282,Aurore
283,Adriel
284,Alana
285,Vincenza
286,Rhiannon
287,River
288,Jaylan
289,Cathryn
290,Annette
291,Candace
292,Minnie
293,Dorcas
294,Leta
295,Wilber
296,Edgar
297,Kamren
298,Mathilde
299,Charlotte
300,Mable
301,Nia
302,Dominic
303,Lilla
304,Blaze
305,Eliseo
306,Leola
307,Cecilia
308,Franz
309,Daphne
310,Merlin
311,Ashleigh
312,Barbara
313,Cory
314,Susanna
315,Blair
316,Ernestine
317,Gisselle
318,Maryjane
319,Cassie
320,Nyasia
321,Rosalinda
322,Jamir
323,Lea
324,Laurel
325,Loyal
326,Elena
327,Rhett
328,Armand
329,Alberto
330,Willie
331,Timmothy
332,D'angelo
333,Marley
334,Shannon
335,Florine
336,Theo
337,Horace
338,Gunnar
339,Penelope
340,Bruce
341,Clint
342,Tania
343,Lily
344,Ida
345,Terrence
346,Cydney
347,Hilario
348,Agustina
349,Christophe
350,Wava
351,Ben
352,Ona
353,Bobby
354,Berenice
355,Eveline
356,Berta
357,Stewart
358,Aletha
359,Bill
360,Dannie
361,Bonita
362,Beverly
363,Abel
364,Camron
365,Tiana
366,Murray
367,Barton
368,Marc
369,Deven
370,Demarco
371,Anastasia
372,Hannah
373,Shane
374,Jed
375,Bennie
376,Callie
377,Raegan
378,Maybelle
379,Tara
380,Brooke
381,Trevion
382,Rosie
383,Alysa
384,Gaylord
385,Reggie
386,Madison
387,Wyman
388,Jamal
389,Geo
390,Halie
391,Izaiah
392,Chadd
393,Sonia
394,Donnell
395,Shaina
396,Evert
397,Lora
398,Tyrell
399,Meghan
400,Delta
401,Hobart
402,Madalyn
403,Jessika
404,Hyman
405,Seamus
406,Vilma
407,Jakob
408,Brown
409,Anika
410,Kendrick
411,Tamia
412,Garnett
413,Brenden
414,Morgan
415,Roel
416,Judge
417,Edwina
418,Deshaun
419,Janae
420,Cristopher
421,Zack
422,Skyla
423,Arvilla
424,Kailey
425,Ed
426,King
427,Alessandro
428,Ervin
429,Santos
430,Savannah
431,Gavin
432,Nicolas
433,Kaelyn
434,Eugene
435,Gustave
436,Fredy
437,Brice
438,Santa
439,Elwin
440,Madge
441,Christelle
442,Isabelle
443,Phoebe
444,Bryce
445,Norval
446,Chasity
447,Jacklyn
448,Skylar
449,Jena
450,Turner
451,Louvenia
452,Brandi
453,Adele
454,Anastacio
455,Liliane
456,Lucas
457,Kraig
458,Providenci
459,Karli
460,Urban
461,Eleanore
462,Schuyler
463,Reese
464,Nathaniel
465,Collin
466,Bryana
467,Jessyca
468,Amani
469,Serenity
470,Larry
471,Cordie
472,Mayra
473,Sylvan
474,Furman
475,Cora
476,Major
477,Florence
478,Enrique
479,Elisa
480,Linnea
481,Laura
482,Larue
483,Cade
484,Nicolette
485,Melvin
486,Marcellus
487,Charley
488,Vallie
489,Reva
490,Jaleel
491,Max
492,Lavinia
493,Lyla
494,Maggie
495,Sidney
496,Demario
497,Garland
498,Art
499,Charlie
500,Alberta
501,Sammie
502,Austen
503,April
504,Krystal
505,Abdul
506,Dave
507,Janessa
508,Ryley
509,Joesph
510,Cole
511,Mercedes
512,Sid
513,Coby
514,Mckenna
515,Chelsie
516,Mckenzie
517,Giovanna
518,Rigoberto
519,Margret
520,Emery
521,Rosario
522,Ena
523,Kaitlin
524,Nick
525,Pete
526,Hershel
527,Opal
528,Roderick
529,Cordia
530,Gilberto
531,Danyka
532,Sammy
533,Cassidy
534,Ilene
535,Patsy
536,Pierce
537,Luther
538,Ellsworth
539,Brendon
540,Golden
541,Orville
542,Lavina
543,Nina
544,Alfredo
545,Eric
546,Deangelo
547,Chanelle
548,Liana
549,Jonathan
550,Telly
551,Cassandra
552,General
553,Zoie
554,Ralph
555,Casandra
556,Meta
557,Laurianne
558,Elmore
559,Gunner
560,Zion
561,Gabriella
562,Amber
563,Benny
564,Cristal
565,Elta
566,Leanna
567,Jermaine
568,Emiliano
569,Stephon
570,Emanuel
571,Richard
572,Verna
573,Weldon
574,Sydni
575,Ethel
576,Curt
577,Bell
578,Alessia
579,Bernice
580,Natasha
581,Kole
582,Coy
583,Waldo
584,Karolann
585,Dayana
586,Damon
587,Faustino
588,Ryan
589,Rosella
590,Harry
591,Floyd
592,Melba
593,Alexis
594,Yasmeen
595,Justyn
596,Mortimer
597,Sadie
598,Angelina
599,Velda
600,Mathew
601,Nikita
602,Fleta
603,Faye
604,Irving
605,Jasen
606,Zechariah
607,Luisa
608,Evalyn
609,Enid
610,Jesse
611,Joey
612,Garret
613,Katheryn
614,Winston
615,Trent
616,Magnus
617,Delaney
618,Terrill
619,Aniyah
620,Reba
621,Gerald
622,Jessy
623,Grayce
624,Dylan
625,Tre
626,Hazle
627,Trey
628,Lavern
629,Gabe
630,Reid
631,Kiel
632,Easter
633,Kiarra
634,Norberto
635,Aniya
636,Irwin
637,Danial
638,Alisa
639,Renee
640,Omer
641,Nicklaus
642,Lila
643,Julius
644,Florencio
645,Afton
646,Karlee
647,Madelyn
648,Stan
649,Alexandra
650,Sydnie
651,Judah
652,Susie
653,Carmel
654,Frederik
655,Ned
656,Ward
657,Marjory
658,Monroe
659,Orrin
660,Zella
661,Aubrey
662,German
663,Vivien
664,Augustine
665,Josianne
666,Isaiah
667,Arne
668,Aurelio
669,Zaria
670,Willow
671,Monserrat
672,Michel
673,Layne
674,Beaulah
675,Alvah
676,Kurt
677,Oliver
678,Duncan
679,Carlie
680,Alysha
681,Brittany
682,Drew
683,Cary
684,Hope
685,Nestor
686,Lupe
687,Bobbie
688,Griffin
689,Eleazar
690,Loren
691,Hans
692,Cloyd
693,Karl
694,Braden
695,Clifford
696,Hadley
697,Micah
698,Eula
699,Veda
700,Dedrick
701,Antonia
702,Leif
703,Sedrick
704,Kaley
705,Andreane
706,Lina
707,Daren
708,Charity
709,Hollis
710,Beth
711,Brandyn
712,Pierre
713,Cecil
714,Myles
715,Lionel
716,Violet
717,Abigail
718,Arno
719,Kaylee
720,Susan
721,Arvel
722,Cletus
723,Berry
724,Torrey
725,Annabel
726,Jaylin
727,Remington
728,Kiera
729,Brent
730,Janiya
731,Stanton
732,Jamil
733,Laurie
734,Bennett
735,Domingo
736,Cierra
737,Adrian
738,Gladyce
739,Oswaldo
740,Marcus
741,Dominique
742,Ines
743,Garnet
744,Birdie
745,Jaiden
746,Ruth
747,Verdie
748,Alvera
749,Giuseppe
750,Rollin
751,Nathanael
752,Natalie
753,Ladarius
754,Rowena
755,Chaya
756,Dolores
757,Polly
758,Michelle
759,Giovanny
760,Noemie
761,Connor
762,Erick
763,Destini
764,Pinkie
765,Jarrell
766,Melany
767,Gayle
768,Sim
769,Elza
770,Caleigh
771,Johathan
772,Timothy
773,Murphy
774,Juwan
775,Cayla
776,Rosendo
777,Branson
778,Octavia
779,Skye
780,Lucy
781,Ayla
782,Rick
783,Buck
784,Charlene
785,Uriel
786,Sibyl
787,Abraham
788,Mose
789,Darrel
790,Rudy
791,Tom
792,Laisha
793,Annabelle
794,Emilio
795,Dahlia
796,Jake
797,Junior
798,Chase
799,Kareem
800,Nella
801,Leopold
802,Nona
803,Toni
804,Annie
805,Jessica
806,Ayana
807,Freida
808,Monte
809,Christop
810,Fabiola
811,Sallie
812,Gracie
813,Austin
814,Otilia
815,Marisa
816,Josefina
817,Oda
818,Maegan
819,Annalise
820,Theodora
821,Kamryn
822,Mathias
823,Marquise
824,Freddie
825,Aileen
826,Kaleb
827,Odell
828,Estell
829,Chet
830,Savanah
831,Deion
832,Olga
833,Tatum
834,Leonor
835,Guido
836,Albina
837,Avis
838,Araceli
839,Deontae
840,Toy
841,Chad
842,Dena
843,Alexandro
844,Chaz
845,Laurence
846,Sage
847,Kara
848,Lonzo
849,Chelsea
850,Lottie
851,Nels
852,Felicita
853,Edmond
854,Leonardo
855,Jeremy
856,Karson
857,Sheldon
858,Mittie
859,Colin
860,Merl
861,Herminia
862,Sharon
863,Grover
864,Ray
865,Eleanora
866,Sabrina
867,Elliot
868,Lauriane
869,Mariela
870,Adaline
871,Arch
872,Hermann
873,Alford
874,Ursula
875,Ada
876,Moriah
877,Izabella
878,Destiny
879,Dino
880,Webster
881,Rachel
882,Ramon
883,Brionna
884,Eli
885,Darien
886,Makayla
887,Felicity
888,Selmer
889,Angeline
890,Daija
891,Marcel
892,Connie
893,Anjali
894,Anabelle
895,Stuart
896,Bradley
897,Armani
898,Kelsie
899,Paolo
900,Matteo
901,Rosa
902,Pearline
903,Ophelia
904,Christ
905,Keyshawn
906,Aracely
907,Molly
908,Diamond
909,Colten
910,Hallie
911,Helena
912,Franco
913,Benedict
914,Daisha
915,Douglas
916,Yvette
917,Floy
918,Dayne
919,Dorothea
920,Bernita
921,Burley
922,Roberta
923,Ollie
924,Philip
925,Beatrice
926,Constance
927,Justine
928,Ibrahim
929,Aaron
930,Brandy
931,Rickey
932,Jillian
933,Dorian
934,Hazel
935,Liza
936,Arthur
937,Tremayne
938,Michael
939,Marcia
940,Federico
941,Vicky
942,Karlie
943,Hal
944,Desiree
945,Miguel
946,Vincenzo
947,Karina
948,Bianka
949,Lazaro
950,Paula
951,Elaina
952,Breanna
953,Macey
954,Warren
955,Wellington
956,Maybell
957,Angus
958,Imelda
959,Zita
960,Letha
961,Rasheed
962,Chaim
963,Lyric
964,Hailey
965,Miles
966,Ryder
967,Samanta
968,Ivory
969,Humberto
970,Harrison
971,Bulah
972,Ashly
973,Lizzie
974,Graham
975,Cleora
976,Maurine
977,Gaetano
978,Mariano
979,Alfonso
980,Keyon
981,Kattie
982,Rae
983,Jo
984,Dana
985,Evelyn
986,Oral
987,Emilie
988,Katherine
989,Tyshawn
990,Everette
991,Phyllis
992,Kaylah
993,Leonie
994,Jon
995,Jan
996,Rory
997,Darron
998,Verla
999,Dillan
1000,Ahmed
